ratingId;moduleId;score;grade;voteScore;ups;downs
5b3333c20aa5d6001abdad71;50834119;3;5.25;0;0;0
5d151eae00270c001cf1a5a4;50834119;5;5.00;0;0;0
5c529d4b98a84a001c64fa21;50834119;4;5.00;0;0;0
5a5f6786be6796001a9db10a;50834119;1;4.50;0;0;0
5a7ac8538c0f1b001a2f6d0e;50834119;3;5.00;0;0;0
5d814a7d3ef045001ca8b733;50826915;4;5.25;0;0;0
5d24d34f490ddc001c96a72a;50826915;3;5.25;0;0;0
5c3f03d76f5518001c6590ca;50826915;3;5.25;1;1;0
5b3c8071f07b02001a046e75;50826915;5;5.25;0;1;1
5b38f1a8b28227001acd93af;50826915;4;5.25;1;3;2
5a5f3f34be6796001a9da231;50826915;3;5.25;1;2;1
5d2b329d78e8cd001cf90f4f;50826915;4;5.50;0;0;0
5d1af6aa139930001c203ab7;50826915;2;4.50;0;0;0
5d2464a9490ddc001c9615d9;50826915;4;5.75;0;0;0
5be17b99ca55cb001b39c5cc;50826915;4;5.25;0;0;0
5b89a4ba50a40a001a936bd7;50826915;5;5.50;0;0;0
5b5ee558fce4b7001a7487f3;50826915;2;5.50;0;0;0
5b4340fc5c57d5001afa3f5f;50826915;3;5.50;0;0;0
5a6850c6917cb6001a9cf72f;50826915;4;4.75;0;0;0
5b15b28b4849e5001a58b849;50034087;4;5.25;0;0;0
5a623340f92ac7001a6ec90f;50034087;5;5.25;0;0;0
5d0a4b33c4518e001c90ff21;50393236;4;5.75;4;4;0
5b448e3deff072001a63610b;50393236;5;5.75;3;3;0
5d28f5d8041f0f001c838523;50393236;5;5.75;0;0;0
5d1b3b1e139930001c209a1c;50393236;4;5.00;0;0;0
5d1688cb642f27001c093980;50393236;4;5.00;0;0;0
5d152fa700270c001cf1b0b5;50393236;5;5.00;0;0;0
5d14981a00270c001cf10eb5;50393236;5;5.25;0;0;0
5d14c02000270c001cf147eb;50393236;5;5.25;0;0;0
5d11b61ef319ef001c793233;50393236;5;5.00;0;0;0
5c07dbc0522062001bc23fce;50393236;5;5.00;0;0;0
5b4bb3ce36ebdc001a70e2b3;50393236;3;5.50;0;0;0
5b2cfece629cb1001a775484;50393236;3;5.50;0;0;0
5b28dfa6cc3364001a322122;50393236;4;5.25;0;0;0
5a68fc20c9e055001ac8dd25;50393236;1;3.50;0;0;0
5d1bb2dd139930001c212966;50873092;1;4.50;1;1;0
5d25c4a6cda012001ca61e81;50873092;3;4.25;0;1;1
5d1c614e8a3f6d001ca311c4;50873092;2;5.50;2;2;0
5d1b89d5139930001c21089f;50873092;2;4.75;3;3;0
5bc4465cd6ce9d00193a0c0c;50873092;1;5.50;3;3;0
5aa932a9c44db8001a7c86ca;50873092;1;5.25;0;2;2
5d75f3b9b9dc6f001ca2c289;50873092;2;5.25;0;0;0
5d297c80041f0f001c839bca;50873092;2;5.75;0;0;0
5d1e49e53d5e6e001cf9b26e;50873092;5;null;0;0;0
5d1c4b6e8a3f6d001ca2f65d;50873092;1;4.75;0;0;0
5d1ba3bb139930001c211d67;50873092;3;5.50;0;0;0
5c07dc0a522062001bc23ff2;50873092;1;4.75;0;0;0
5bb9bbc89120b2001915aadf;50873092;1;5.25;0;0;0
5b89a4ce50a40a001a936bd9;50873092;2;4.50;0;0;0
5d1642ae642f27001c0910e2;50369622;5;5.00;0;0;0
5d7635bdb9dc6f001ca2fa2d;50392757;2;4.00;0;0;0
5d279039f515bb001cb15ee0;50392757;3;4.50;0;0;0
5d2761ecf515bb001cb13f79;50392757;2;4.00;0;0;0
5d149ace00270c001cf112d0;50392757;1;4.50;0;0;0
5c41964af6bb49001c6eddfd;50392757;2;4.00;0;0;0
5d1ef4876cf972001c80b55f;50941429;3;5.50;0;1;1
5d1f73e66cf972001c819d50;50941429;5;6.00;1;2;1
5d3984fd538d8f001c6a3233;50941429;3;5.00;0;0;0
5df7372f456e68001edce2ba;50523065;3;5.50;0;0;0
5d814a973ef045001ca8b75e;50523065;4;5.00;0;0;0
5d454246d63a3f001cfe64dc;50523065;5;5.50;0;0;0
5ce327439c3a91001cfafcdb;50523065;1;5.00;0;0;0
5d5d373431a6d7001c37b18f;50840951;3;4.75;-1;0;1
5b368f0d5fb074001aff63d9;50840951;4;5.50;1;2;1
5a8739eeae1a7f001a7caa5f;50840951;5;6.00;-10;1;11
5b7064f6b8f62d001ac43123;50840951;3;5.50;0;0;0
5c763656bc5eb4001c0684a6;50873099;1;5.50;14;14;0
5c73e22806db83001cb0d47d;50873099;1;5.75;19;19;0
5b33b4780aa5d6001abea29d;50873099;5;5.75;-5;1;6
5b322f216f5508001adbdf6e;50873099;2;5.50;7;8;1
5d0e81c8fbaaec001ce531b1;50873099;3;5.25;0;0;0
5cdc64e1a11728001ca05c6f;50873099;3;5.50;0;0;0
5b36451c52a310001aad098f;50873099;1;5.00;0;0;0
5b185ed6881910001a32077d;50873099;4;5.25;0;0;0
5d25c5c9cda012001ca620a5;50873101;2;3.50;2;2;0
5b3694785fb074001aff67cc;50873101;2;5.00;6;7;1
5d814a613ef045001ca8b704;50873101;4;5.50;0;0;0
5d246336490ddc001c9613ec;50873101;4;5.25;0;0;0
5b3644e152a310001aad0917;50873101;4;5.75;0;0;0
5d0be73ba2f002001c662ce9;50945562;5;5.75;0;0;0
5cffcbc09eda03001ce0985f;50945562;5;6.00;0;0;0
5cf002215fedb7001c9d9761;50945647;5;6.00;0;0;0
5d0be753a2f002001c662cf8;50945647;5;6.00;0;0;0
5d0d5f28fbaaec001ce4bf03;50314925;1;null;8;8;0
5d1b6af5139930001c20d9df;50314925;3;5.75;-1;0;1
5d07e0a4a514ad001cc8ec77;50314925;3;5.50;1;1;0
5d0a29d2c4518e001c90d284;50314925;4;5.25;22;23;1
5d1b6a97139930001c20d909;50314925;4;6;-2;0;2
5c3ee40f6f5518001c6544f9;50314925;5;5.50;6;6;0
5c3a138540ced6001c4fe2db;50314925;5;3.75;1;1;0
5b68c948917bb5001ac8c72d;50314925;4;5.50;4;5;1
5b5485895a7ff3001a464965;50314925;4;6.00;3;3;0
5b4ca2db3dcc0e001ab24878;50314925;3;4.00;0;0;0
5b3ba7686d405b001abdd9cd;50314925;4;6.00;1;2;1
5b3b9e766d405b001abdc86a;50314925;3;4.75;7;7;0
5a6f7f254adcfd001aa26797;50314925;5;6.00;1;2;1
5a5b6dfbaf6c59001a536aeb;50314925;4;3.25;1;2;1
5d56febb1d8232001c7ae0ce;50314925;5;3.25;0;0;0
5d53d4a6e8728a001c44aae9;50314925;2;4.50;0;0;0
5d1da5cf3d5e6e001cf8af41;50314925;4;6.00;0;0;0
5d1cc9ee8a3f6d001ca3a2a4;50314925;3;4.00;0;0;0
5d1ca8348a3f6d001ca37841;50314925;5;6.00;0;0;0
5d1c9b988a3f6d001ca367d3;50314925;2;5.00;0;0;0
5d1c54748a3f6d001ca2ff84;50314925;2;4.50;0;0;0
5d1c54b28a3f6d001ca2ffda;50314925;3;4.75;0;0;0
5d1b8d7a139930001c210c33;50314925;4;4.75;0;0;0
5d1b809d139930001c20fdf4;50314925;4;4.00;0;0;0
5cdc0da4a11728001ca0444c;50873015;5;5.50;2;2;0
5b28db44cc3364001a32187b;50873015;5;5.50;1;1;0
5ce4e8df170b12001cbd1580;50873015;5;5.50;0;0;0
5cd5ad7904ccf3001c546591;50873015;5;5.50;0;0;0
5afd4ff67e4dd8001a20a96f;50873015;5;5.25;0;0;0
5d1cb3fc8a3f6d001ca3873b;50888000;5;6.00;0;0;0
5d1c88b98a3f6d001ca34beb;50888000;2;5.25;0;0;0
5cf9808e213363001ca9bfbb;50888000;4;5.00;0;0;0
5cc85173d996af001c716a60;50888000;4;5.00;0;0;0
5b183e22881910001a32012c;50888000;5;5.25;0;0;0
5d44af9cd63a3f001cfe5de5;50820164;5;4.75;-1;0;1
5d133ced994651001c0310c9;50820164;4;6.00;1;1;0
5d0cc9f3a2f002001c66c194;50820164;4;6.00;-7;0;7
5d0a6b1dc4518e001c9122bf;50820164;5;4.75;0;1;1
5d07363f01e578001cc9e326;50820164;5;5.00;0;0;0
5d03ac10452355001c7f4011;50820164;5;6.00;0;3;3
5d039cce452355001c7f233e;50820164;5;4.50;0;0;0
5d0361ea452355001c7eafab;50820164;5;5.50;1;1;0
5d0270f714b0c6001c9eff98;50820164;3;5.75;-2;2;4
5d02570f14b0c6001c9ed9a5;50820164;4;4.75;1;7;6
5d0256f614b0c6001c9ed960;50820164;5;5.50;3;4;1
5c52c69d98a84a001c652d5e;50820164;3;4.25;1;7;6
5c4f0d3bdd45db001c8678cd;50820164;5;4.75;0;1;1
5c19006965b1ae001b98d626;50820164;5;5.50;2;3;1
5b7f2b5affbde0001a9ea8f2;50820164;4;5.00;0;3;3
5b64969c319e43001a091b2f;50820164;5;6.00;6;8;2
5b548a815a7ff3001a4649db;50820164;4;5.75;0;1;1
5b2be332629cb1001a766101;50820164;5;4.25;1;3;2
5b2b4f219d2efb001abab3ea;50820164;5;5.50;9;10;1
5b2a65249d2efb001ab9fb2d;50820164;5;4.50;0;1;1
5add7d0ae31a1a001a75a919;50820164;5;5.00;1;3;2
5a6a5b9a1053f0001a854a5f;50820164;5;4.75;0;3;3
5a623a71f92ac7001a6ecb50;50820164;4;4.50;0;5;5
5d8c5d41dbfbcd001c15ce7d;50820164;3;5.00;0;0;0
5d89c244751ee4001cc01995;50820164;5;5.50;0;0;0
5d646fe1fe61d7001cf7ac06;50820164;5;4.50;0;0;0
5d518b911aab2c001cb0b5d8;50820164;4;4.75;0;0;0
5d3e207de9a806001ce5a08e;50820164;5;5.25;0;0;0
5d3b7e8789f9e5001c93aaea;50820164;4;4.50;0;0;0
5d1cb8678a3f6d001ca38cc8;50820164;3;4.50;0;0;0
5db75a951446f8001cf5a0a4;50354580;5;5.75;2;2;0
5d1b724c139930001c20e873;50354580;1;5.00;0;0;0
5c70096fae5e8a001cbb130b;50354580;5;6.00;0;0;0
5d07c3e401e578001ccaf9ae;50354580;5;5.75;0;0;0
5cc9edc10514e8001c74802c;50354580;5;6.00;0;0;0
5cb9c7f8db774d001cc6a845;50354580;5;5.75;0;0;0
5cb6eb2cfde2ef001cb59ff8;50354580;5;6.00;0;0;0
5cb35fa4db1b65001ccb3582;50354580;5;5.75;0;0;0
5cb12da4eb946a001c6d5808;50354580;5;6.00;0;0;0
5cb0b2953de91f001c687685;50354580;5;5.75;0;0;0
5cb0af363de91f001c687622;50354580;5;6.00;0;0;0
5cb0a1333de91f001c6872d1;50354580;5;6.00;0;0;0
5c6d24314da451001c7a22ff;50354580;5;5.50;0;0;0
5c46c967eacac4001cb0638d;50354580;5;5.50;0;0;0
5c4302c86ebd2f001c2c8295;50354580;5;5.00;0;0;0
5c3ee3856f5518001c65441f;50354580;5;5.25;0;0;0
5b75b1d7a9a8d4001a3ca3a1;50354580;4;4.50;0;0;0
5af95ad76c9d91001a11eda0;50354580;5;6.00;0;0;0
5a6a1b411053f0001a853ab4;50354580;4;5.75;0;0;0
5c50c1dfccaaf5001c0b094b;50821473;5;5.25;1;1;0
5c481b68d5cd47001cbd9385;50821473;4;5.00;0;0;0
5cf6592d888ee3001ce4d7ba;50821473;5;4.75;0;0;0
5c488361d5cd47001cbe1d0c;50821473;4;5.25;0;0;0
5d22e5326b30c8001cd5f27d;50431626;3;4.50;-1;0;1
5d31aa90cf3df9001c2e30ed;50431626;5;5.50;0;0;0
5d2b32c778e8cd001cf90f61;50431626;4;5.25;0;0;0
5d2306ea6b30c8001cd624ef;50431626;4;5.25;0;0;0
5d1b3634139930001c209230;50314979;3;4.75;0;0;0
5d161c00642f27001c08e4fc;50314979;4;4.75;0;0;0
5c46c993eacac4001cb063aa;50314979;2;4.25;0;0;0
5b64e239ef9549001a5f76a4;50314979;5;5.25;0;0;0
5b532e74276be0001a84366d;50314979;3;4.25;0;0;0
5abad06959968b001aa3731e;50314979;3;4.50;0;0;0
5d286f9c2a192d001c002e6b;50019527;5;null;1;1;0
5b51f6f7829dc9001a80f149;50019527;4;5.00;3;4;1
5d8346bef2f9e0001c5d1a2d;50019527;4;4.75;0;0;0
5d62d5c4f1361c001c6fe424;50019527;5;3.25;0;0;0
5d4db6df1526f6001cd33817;50019527;4;5.25;0;0;0
5d41d62e267154001c2dee9e;50019527;5;5.25;0;0;0
5d163a1a642f27001c090802;50019527;4;4.75;0;0;0
5d1d09e58a3f6d001ca3d922;50019527;4;4.5;0;0;0
5d1b706b139930001c20e46b;50019527;5;5.5;0;0;0
5d1b5572139930001c20bf23;50019527;3;4.25;0;0;0
5d19cb5320ec37001cbdf28a;50019527;5;5.00;0;0;0
5d162c04642f27001c08f922;50019527;5;6;0;0;0
5d161a7f642f27001c08e288;50019527;5;5;0;0;0
5cf3c8db2933cb001c7b10a9;50019527;5;5.75;0;0;0
5cc2a4e7c9ea6b001ca23490;50019527;4;4.75;0;0;0
5c5810cabe474e001c2cfbc3;50019527;5;5.25;0;0;0
5c52b55898a84a001c651387;50019527;5;5.25;0;0;0
5c41b87af6bb49001c6f0ca8;50019527;3;4.75;0;0;0
5c41b187f6bb49001c6f0273;50019527;3;4.75;0;0;0
5c35d089740696001cd9c13e;50019527;5;5.00;0;0;0
5c20cb559ae34e001ccfe068;50019527;2;5.75;0;0;0
5b9238a521bc88001aab4a71;50019527;4;4.25;0;0;0
5d67d3c1824f1e001c34baa1;50030855;3;5.50;0;0;0
5d5331ede8728a001c44995c;50030855;5;5.00;0;0;0
5d2263976b30c8001cd5d402;50030855;1;4.25;0;0;0
5d1b2934139930001c207e42;50030855;2;4.50;2;3;1
5d189befb62371001c95e4a2;50030855;3;5.25;1;1;0
5d171ab3996aef001ce00c3a;50030855;4;6.00;5;5;0
5d15d142642f27001c087f61;50030855;3;5.00;0;0;0
5ced72593cc130001c497355;50030855;1;4.75;31;34;3
5d138c21994651001c038044;50030855;3;5.50;-1;0;1
5d11d6def319ef001c79581d;50030855;4;5.00;7;7;0
5d116ee45ed105001cc5f8bc;50030855;5;4.00;8;9;1
5ba12cc376cbee0019f1941c;50030855;1;4.50;6;10;4
5d1124aadde843001c2f7752;50030855;4;5.50;2;2;0
5d1106a7dde843001c2f5c38;50030855;3;5.00;1;2;1
5d10e9e0dde843001c2f2f67;50030855;3;5.25;0;0;0
5d10fbeedde843001c2f506a;50030855;2;4.75;0;0;0
5d10f73ddde843001c2f4a86;50030855;4;6.00;4;7;3
5d10e7f8dde843001c2f2bc2;50030855;1;3.75;0;1;1
5d03631a452355001c7eb2b6;50030855;5;null;1;2;1
5cf5745b608ff5001c67cc50;50030855;4;5.75;0;0;0
5c99e9ee069277001c8bd6a7;50030855;4;4.75;-2;1;3
5c6a934b0f0ace001c39512e;50030855;3;4.50;0;1;1
5c4dc38bddd2d4001c1c3ef3;50030855;4;6.00;0;1;1
5c497df5aaf8a6001c77241f;50030855;2;4.75;0;2;2
5c42390e6ebd2f001c2c406a;50030855;5;4.00;-1;3;4
5b7f2abfffbde0001a9ea8df;50030855;4;5.50;1;4;3
5c3778b434e682001c341210;50030855;3;4.50;-2;0;2
5c3602460d6b09001caa5ba6;50030855;4;4.75;5;7;2
5c276a19083b0a001c835604;50030855;4;4.75;0;2;2
5b24edb01c20fc001aa0f859;50030855;3;5.25;11;13;2
5b4c64ed36ebdc001a7112a4;50030855;1;4.50;2;4;2
5b2b87549d2efb001abb29eb;50030855;1;4.75;1;4;3
5b257fdafa9409001a490dcc;50030855;5;5.00;8;10;2
5b2424371c20fc001aa0ad06;50030855;4;4.75;7;12;5
5b229fa8f83426001ada157d;50030855;3;4.00;2;3;1
5b229cc1f83426001ada10fe;50030855;1;6.00;6;7;1
5b229c80f83426001ada1055;50030855;2;5.75;4;4;0
5b2268d3f83426001ad9a3c6;50030855;1;4.00;6;7;1
5d10c6b2dde843001c2ef9e9;50834703;4;5.50;0;0;0
5d47645bfad9ab001cbfbcfa;50834703;5;6.00;0;0;0
5d132d7d994651001c02f971;50834703;4;6.00;0;0;0
5b706508b8f62d001ac43125;50662146;4;6.00;0;0;0
5d03bd59452355001c7f5c1e;50923128;4;5.50;0;0;0
5d1b199e139930001c2066d2;50923128;5;5.50;0;0;0
5d1362ab994651001c034571;50923128;3;5.00;0;0;0
5d134c08994651001c032726;50923128;4;5.50;0;0;0
5d5d391931a6d7001c37b21c;50357468;2;5.25;0;0;0
5d18fdefb62371001c9611e1;50357468;5;5.75;0;0;0
5b9d5dacef31ab0019523b06;50357468;5;5.00;0;0;0
5b706527b8f62d001ac43131;50357468;4;5.75;0;0;0
5d03bc45452355001c7f59fa;50590918;5;4.75;0;1;1
5d11e291f319ef001c7967a0;50590918;3;4.00;0;0;0
5ba17f7d64ef510019421bb2;50590918;5;5.50;0;0;0
5b314a4d6f5508001adb12e3;50590918;4;5.00;0;0;0
5a806c856d91ee001aaf32da;50590918;5;5.25;0;0;0
5d1f053d6cf972001c80d40f;50938958;5;5.75;0;0;0
5d755c90b9dc6f001ca2a732;50308238;2;null;0;0;0
5d5d352131a6d7001c37b0f8;50308238;4;3.75;0;0;0
5d015e8514b0c6001c9e20e5;50873090;5;6.00;0;0;0
5d297c9a041f0f001c839bd0;50873090;5;5.50;0;0;0
5d19c35720ec37001cbde46f;50873090;3;5.00;0;0;0
5d079ce601e578001ccaaf8a;50873090;1;null;0;0;0
5b31f3b46f5508001adb67c8;50873090;3;5.75;0;0;0
5b343ed7691408001a9e3c98;50873090;3;5.25;0;0;0
5cff78b49eda03001ce0290b;50461417;5;5.25;1;1;0
5b23c0ef1c20fc001aa04755;50461417;4;4.50;0;0;0
5d07c3a501e578001ccaf921;50461417;1;5.00;0;0;0
5d04e1b597cd24001cfc64d9;50461417;4;5.50;0;0;0
5d0007738aa9a0001ce26c95;50461417;3;6.00;0;0;0
5cfb88f6b8fd9b001c2cf4ce;50461417;4;5.50;0;0;0
5cea704de0df59001c722e43;50461417;4;5.25;0;0;0
5ce7b7813552af001c7ffd74;50461417;1;4.75;0;0;0
5ce59526b237ae001cfae476;50461417;3;4.50;0;0;0
5beafec43e5798001bc8b378;50461417;4;5.50;0;0;0
5b3effd897a0c7001a89418b;50461417;4;5.00;0;0;0
5b28b358cc3364001a31d297;50461417;2;5.00;0;0;0
5a8e849f31280b001a9fd56f;50461417;5;4.75;0;0;0
5d0b332218d258001cadbfb9;50873018;5;5.50;2;2;0
5b4ca2643dcc0e001ab24837;50873018;4;5.25;5;5;0
5d6050ea5f93fe001c89f13f;50873018;5;5.50;0;0;0
5d26491d414cb8001c72d103;50873018;5;5.75;0;0;0
5c4f4e8dab563b001c4c99a5;50873018;4;5.00;0;0;0
5c46c94beacac4001cb06376;50873018;5;5.75;0;0;0
5b9a56f23e04df001ac579bf;50873018;5;6.00;0;0;0
5b871131fff498001aeac7a4;50873018;3;4.00;0;0;0
5b544e845a7ff3001a4642f2;50873018;3;4.50;0;0;0
5b3c77edf07b02001a046047;50873018;5;5.50;0;0;0
5b47db74ee0c17001abb667c;50873018;5;6.00;0;0;0
5b4761e4af6bcc001af281d7;50873018;5;6.00;0;0;0
5d15b7ae642f27001c085a07;50491076;4;4.75;0;0;0
5d0b8d0318d258001cae3ac4;50491076;5;5.50;0;0;0
5b3cc8cdf07b02001a04ea30;50820302;1;6.00;0;1;1
5b43293f5c57d5001afa186c;50820302;5;6.00;0;2;2
5b9a4cb23e04df001ac57070;50019546;2;4.25;3;4;1
5b474c5caf6bcc001af26d10;50019546;1;5.00;0;0;0
5b573ce3992acf001aee3609;50019546;1;4.50;0;0;0
5d330308b1a942001c5613ab;50308551;3;4.25;1;2;1
5d2c6fc467168f001cf57e54;50308551;3;4.50;1;2;1
5d1c953f8a3f6d001ca35e88;50308551;4;5.00;6;6;0
5d1bc4eb139930001c213687;50308551;3;4.75;0;0;0
5c6a94ab0f0ace001c39545a;50308551;4;4.75;-4;0;4
5bcf1b6bdcde530019a5eee3;50308551;2;4.25;2;2;0
5b7342837c1b48001a4a7e1a;50308551;3;5.50;1;1;0
5b294360eeda99001a497241;50308551;2;4.75;10;11;1
5b483cadee0c17001abb6f8e;50308551;2;5.00;11;11;0
5b448e20eff072001a6360cf;50308551;3;4.50;5;5;0
5b3bd7e6f07b02001a041729;50308551;3;5.25;12;12;0
5b431caf5c57d5001afa064c;50308551;1;4.50;5;5;0
5a7adc778c0f1b001a2f75a6;50308551;4;4.25;1;1;0
5a623ea8f92ac7001a6ecc84;50308551;4;4.50;0;0;0
5a620285f92ac7001a6eb664;50308551;5;5.25;-2;0;2
5d3ab0bca4023e001c0bf4e2;50308551;4;4.75;0;0;0
5d2cdf46476bd1001c956d17;50308551;5;5.25;0;0;0
5d1cbb3e8a3f6d001ca3903c;50308551;4;4.00;0;0;0
5d1bbdb2139930001c213187;50308551;3;4.25;0;0;0
5d1bb6e9139930001c212c42;50308551;4;4.00;0;0;0
5d1b8c34139930001c210b27;50308551;3;4.25;0;0;0
5d1b307c139930001c208a18;50308551;4;4.25;0;0;0
5d1aeb58139930001c2032aa;50308551;3;5.25;0;0;0
5ce02b237c2897001cbe0db2;50308551;3;5.50;0;0;0
5c4abdc00f904e001c27cd62;50308551;2;4.25;0;0;0
5ba548bfbd4f34001960cfc0;50308551;5;5.25;0;0;0
5b9f52e244a2e10019c9e722;50308551;5;5.50;0;0;0
5b8aa78dd9dcc6001a176242;50308551;2;4.75;0;0;0
5b74707bd386c8001aa66b33;50308551;4;4.50;0;0;0
5d2c391e67168f001cf547ea;50749029;5;5.00;1;1;0
5d2c1aee67168f001cf52d8f;50749029;4;4.75;1;2;1
5d28a899041f0f001c835689;50749029;2;5.75;-1;0;1
5e0081d34874f4001eeb8a01;50749029;3;4.50;0;0;0
5def930ca0ec33001e5c2c14;50749029;4;4.50;0;0;0
5d814a8b3ef045001ca8b759;50749029;5;5.00;0;0;0
5b7536d9a9a8d4001a3c9637;50749029;4;5.25;0;0;0
5c35c54593ac7c001ca2e16f;50873102;5;5.75;0;0;0
5bbcf200d8cbea0019424aaa;50873102;5;5.50;0;0;0
5b4d8b67cff886001a0e047a;50873102;4;5.75;0;0;0
5d68c437d28ea1001c9fcb9a;50887379;3;5.25;0;0;0
5d09f234c4518e001c90717d;50887379;4;5.75;0;0;0
5d079c0a01e578001ccaadf9;50887379;5;5.50;3;3;0
5b28dacacc3364001a3217c4;50887379;4;5.00;1;2;1
5b214d82f4c683001a6b10de;50887379;3;4.50;0;0;0
5b2111e4f4c683001a6ae622;50887379;5;4.75;0;0;0
5b092ea678e41c001a0a2632;50887379;3;5.25;1;1;0
5b1fb34c5d1f92001a97e3c2;50887379;5;5.75;2;2;0
5b1fafcc5d1f92001a97e11d;50887379;3;4.75;0;0;0
5aec0845817de5001aa75fa0;50887379;2;5.50;0;0;0
5b1fa96a5d1f92001a97dbc0;50887379;4;5.25;0;0;0
5b1c30f3f1b9e7001a936877;50887379;3;4.75;0;0;0
5b1f9eea5d1f92001a97d112;50887379;3;4.75;0;0;0
5d10eba9dde843001c2f33f3;50887379;4;5.50;0;0;0
5d0df943fbaaec001ce4e917;50887379;2;5.25;0;0;0
5d0a925018d258001cad8767;50887379;5;5.25;0;0;0
5d0a3608c4518e001c90e3e3;50887379;4;5.00;0;0;0
5d09d699c4518e001c904374;50887379;4;5.75;0;0;0
5d092928a514ad001cca4dc4;50887379;5;5.50;0;0;0
5d08ddb4a514ad001cc9daf0;50887379;5;5.00;0;0;0
5d0783c601e578001cca807d;50887379;4;5.00;0;0;0
5d0779e701e578001cca6dbf;50887379;5;5.50;0;0;0
5cfcf4faff309b001c7689ab;50887379;5;5.00;0;0;0
5ca5b9916ee435001c975c92;50887379;4;5.00;0;0;0
5c4aaf910f904e001c27c2da;50887379;4;4.75;0;0;0
5b6a0ee1a59fcf001af7a584;50887379;5;4.75;0;0;0
5b68c892917bb5001ac8c71d;50887379;4;4.75;0;0;0
5b2189637425e2001a234518;50887379;5;4.75;0;0;0
5b1fef7d5d1f92001a981073;50887379;4;4.75;0;0;0
5d1c8b868a3f6d001ca34ff9;50450386;4;5.00;2;2;0
5d1619ba642f27001c08e1d1;50450386;3;5.00;9;9;0
5d16145e642f27001c08db02;50450386;2;4.00;3;3;0
5d04c8dd97cd24001cfc516d;50450386;3;4.50;12;13;1
5d1604ad642f27001c08c6a7;50450386;3;5.00;3;3;0
5d415865434df8001c798957;50450386;4;4.75;0;0;0
5d1cc8e38a3f6d001ca3a178;50450386;3;5.25;0;0;0
5d1683b7642f27001c093741;50450386;2;5.50;0;0;0
5cd419b822f345001cf62587;50450386;3;4.25;0;0;0
5c4aafc30f904e001c27c305;50450386;5;5.00;0;0;0
5c3f0b596f5518001c65a3f5;50450386;5;5.50;0;0;0
5b8c412f22ee65001a1c4e1b;50450386;1;4.25;0;0;0
5b5b2a49432a18001aebd414;50450386;2;4.50;0;0;0
5a8ada32d93d4f001a397cf9;50450386;2;4.75;0;0;0
5d80a190af4767001ce44cd9;50937513;5;4.75;0;0;0
5cf8e36a213363001ca958a1;50937513;4;5.00;0;0;0
5d0bbcda18d258001cae747b;50937513;4;5.50;2;2;0
5d1356b5994651001c0335d9;50937513;3;5.50;0;0;0
5d15200800270c001cf1a692;50937513;4;5.50;0;0;0
5d13567e994651001c033586;50937513;5;5.75;0;0;0
5cdebf5677bbe0001cfc07e3;50936688;4;5.75;0;0;0
5d1b6c86139930001c20dd4d;50431379;5;5.50;4;5;1
5d1781b7996aef001ce04362;50431379;5;5.25;10;11;1
5d17464c996aef001ce0255d;50431379;4;5.25;5;5;0
5d15d0fc642f27001c087ef8;50431379;5;5.50;16;17;1
5d15d0c8642f27001c087ea0;50431379;5;5.5;8;9;1
5c99e9a7069277001c8bd66b;50431379;1;4.00;-7;0;7
5b28e793cc3364001a323030;50431379;1;5.25;2;2;0
5b4532132ca6cb001a4fc6fd;50431379;1;3.50;8;8;0
5b44ab89eff072001a638616;50431379;1;4.00;12;12;0
5b44a7e0eff072001a6381d9;50431379;1;4.75;1;1;0
5a746f076300a8001a2d09b8;50431379;1;4.75;0;0;0
5a6f800f4adcfd001aa267c7;50431379;1;5.50;0;0;0
5d5296951aab2c001cb0e2bb;50431379;5;5.25;0;0;0
5d1da5ed3d5e6e001cf8af63;50431379;3;5.50;0;0;0
5d1cca1f8a3f6d001ca3a2d2;50431379;3;4.75;0;0;0
5d1b8057139930001c20fd9e;50431379;5;5.00;0;0;0
5d1a2d2020ec37001cbe81d8;50431379;4;5.50;0;0;0
5d2f6aac342f64001c2dc9bc;50873019;3;4.50;-1;1;2
5d1bba31139930001c212eae;50873019;3;5.75;0;0;0
5d1b5b2a139930001c20c61c;50873019;4;4.00;-3;0;3
5d1a5ed520ec37001cbeae2c;50873019;1;4.50;6;6;0
5d15fe59642f27001c08bf2d;50873019;3;5.75;-2;1;3
5cee3f743cc130001c49a60c;50873019;3;4.75;32;33;1
5d15b347642f27001c0855a7;50873019;3;5.50;-3;0;3
5d14ef4300270c001cf182f6;50873019;4;6.00;-7;2;9
5d14e02500270c001cf17418;50873019;4;6.00;-5;1;6
5b23598df83426001ada7179;50873019;5;5.75;-8;2;10
5cd994425bf0f8001c736e86;50873019;1;5.00;20;21;1
5c233e5a55d301001c844068;50873019;4;5.75;-3;3;6
5b23b74d1c20fc001aa036b5;50873019;4;6.00;-16;4;20
5b2364daf83426001ada8324;50873019;5;5.25;1;4;3
5e0081764874f4001eeb89f8;50873019;3;4.75;0;0;0
5d4be1e2791a25001c0ba94c;50873019;3;4.75;0;0;0
5d4bc1bb791a25001c0b9ade;50873019;5;4.75;0;0;0
5d40516a434df8001c7946e7;50873019;3;5;0;0;0
5d3c018689f9e5001c93b5c4;50873019;5;4.25;0;0;0
5d1d13bf8a3f6d001ca3df50;50873019;5;5.75;0;0;0
5d1cbb188a3f6d001ca38ffa;50873019;2;6.00;0;0;0
5d1cb8518a3f6d001ca38cb1;50873019;3;5.50;0;0;0
5d1b8071139930001c20fdba;50873019;4;4.50;0;0;0
5d1b7045139930001c20e421;50873019;5;6.00;0;0;0
5d6faf3b119583001c2d3265;50821425;1;4.00;4;4;0
5d6d17b79c4620001c9eed1e;50821425;1;4.75;2;2;0
5d1f69316cf972001c818df0;50821425;1;4.25;26;26;0
5d2087af7631e8001cce02a8;50821425;1;3.25;2;2;0
5d1d35538a3f6d001ca3ee3c;50821425;1;4.00;5;6;1
5cf1102f7df614001ceaf58d;50821425;1;4.50;20;20;0
5d1f0b066cf972001c80e186;50821425;1;4.75;14;14;0
5a66113b6e7c4f001abb912a;50821425;3;6.00;-16;3;19
5c6aa92c0f0ace001c3979fe;50821425;1;4.00;2;4;2
5c4855ddd5cd47001cbde38a;50821425;1;4.25;5;5;0
5c3a10b740ced6001c4fe065;50821425;3;5.00;-5;2;7
5c06ac2e13bc4d001b28248b;50821425;1;4.00;6;7;1
5bd21a03a6657500190631fb;50821425;1;5.50;8;9;1
5ba8ee659432d400197a8ef3;50821425;1;4.25;6;7;1
5ba8ea8e9432d400197a89a2;50821425;1;4.00;3;3;0
5a703eae4adcfd001aa286c5;50821425;1;5.25;8;10;2
5a6926311053f0001a84ee23;50821425;1;5.00;0;4;4
5d67c0be824f1e001c34b20e;50821425;1;4.25;0;0;0
5d602bf01ca598001c982cf2;50821425;1;3.00;0;0;0
5d5d814a31a6d7001c37c565;50821425;3;4.50;0;0;0
5d5d19ea31a6d7001c37a8c6;50821425;2;4.5;0;0;0
5d555473cfa4cf001c0555dd;50821425;2;5.00;0;0;0
5d3ebdeee9a806001ce5bcd7;50821425;1;4.25;0;0;0
5d236ae16b30c8001cd6bfe2;50821425;1;5.00;0;0;0
5d80cb46af4767001ce4ab0f;50873017;5;4.50;1;1;0
5d67d14b824f1e001c34b96b;50873017;5;5.75;0;0;0
5d2499bb490ddc001c9661ae;50873017;5;5.50;-3;0;3
5c4305f86ebd2f001c2c8546;50873017;5;5.50;2;3;1
5aaaa3e0c1bcc7001a8d7739;50873017;3;5.00;1;2;1
5b4363605c57d5001afa6dcd;50873017;5;6.00;0;0;0
5d3c152589f9e5001c93b9ec;50873017;5;5.50;0;0;0
5d24689e490ddc001c961c29;50873017;5;5.75;0;0;0
5d24643e490ddc001c961548;50873017;5;5.50;0;0;0
5bdf12053aec92001b9fe4d3;50873017;5;5.75;0;0;0
5c5810fabe474e001c2cfc26;50873017;5;5.00;0;0;0
5c498852aaf8a6001c77357e;50873017;5;5.00;0;0;0
5c419132f6bb49001c6ed66d;50873017;5;5.75;0;0;0
5c29b2563883e8001c057275;50873017;3;5.75;0;0;0
5bc9fc6cc076ea00190a432c;50873017;5;5.00;0;0;0
5b47141baf6bcc001af23799;50313790;4;4.25;0;0;0
5a8e7fac31280b001a9fd153;50313790;4;5.50;0;1;1
5a63efcd54f060001af5cfd3;50313790;2;5.50;-8;2;10
5d1a969c20ec37001cbecbd3;50313790;3;5.00;0;0;0
5d19fb4e20ec37001cbe3bd3;50313790;4;5.50;0;0;0
5c4aaf5a0f904e001c27c2af;50313790;1;4.00;0;0;0
5c49ef4b0f904e001c2770bf;50313790;4;5.25;0;0;0
5c1d83b2ad071e001c2bec6e;50313790;1;3.75;0;0;0
5b92391021bc88001aab4ab0;50313790;3;4.50;0;0;0
5b7482add386c8001aa66cca;50313790;3;5.25;0;0;0
5b711d289e8b60001a952efe;50313790;3;5.00;0;0;0
5b45b9f72ca6cb001a4fec78;50313790;4;5.50;0;0;0
5a75a9bd7a303c001a786f7c;50313790;2;4.50;0;0;0
5a62f20bf92ac7001a6ede56;50313790;3;5.25;0;0;0
5cc596752e9d01001cab4ffa;50783616;4;5.00;0;0;0
5cc2cb42c9ea6b001ca23c03;50783616;4;5.25;0;1;1
5b3bc1a56d405b001abdfd8d;50783616;3;4.75;0;0;0
5cd2908aefc1ea001cda1151;50783616;4;5.50;0;0;0
5cc34104b953b5001cc6a512;50783616;5;6.00;0;0;0
5cf625fd888ee3001ce4aa63;50821229;1;4.75;0;0;0
5b22aa6ef83426001ada2324;50370921;1;5.75;0;0;0
5d07facaa514ad001cc9058e;50314970;5;5.50;1;1;0
5d0735be01e578001cc9e237;50314970;5;5.00;1;1;0
5a8e801a31280b001a9fd197;50314970;3;4.75;2;2;0
5a6f7d974adcfd001aa266fd;50314970;1;5.75;0;0;0
5d0d1f3ba2f002001c672699;50314970;5;4.75;0;0;0
5d08dd7da514ad001cc9daa3;50314970;3;5.25;0;0;0
5d073a3e01e578001cc9eaed;50314970;4;6.00;0;0;0
5c4aaf2b0f904e001c27c2a5;50314970;5;4.50;0;0;0
5b6c994bfb005e001a118df7;50314970;4;4.25;0;0;0
5a8d4dbbf76900001a7a1ca9;50314970;4;5.00;0;0;0
5a775851e9eb9a001a0c0353;50314970;5;4.75;0;0;0
5a6a230c1053f0001a853d29;50314970;1;4.25;0;0;0
5a68fbe5c9e055001ac8dd15;50314970;1;4.00;0;0;0
5a68bf13c9e055001ac8cad1;50314970;4;5.50;0;0;0
5a62f201f92ac7001a6ede53;50314970;4;4.50;0;0;0
5a606da0e9399e001ac526c6;50314970;3;5.25;0;0;0
5d5924f84c8101001ce62d01;50819883;4;4.00;1;1;0
5d43c83f2df369001c80846b;50819883;4;4.75;-2;1;3
5d1b1f5f139930001c207025;50819883;3;4.75;11;11;0
5d1efbca6cf972001c80c281;50819883;3;4.50;4;4;0
5a6611456e7c4f001abb9133;50819883;5;6.00;-11;4;15
5cbcd5250b10a6001c30735b;50819883;5;5.25;-2;2;4
5c497da9aaf8a6001c7723ad;50819883;4;5.50;-1;4;5
5c055e07f14149001b68a5d0;50819883;1;4.75;14;14;0
5ba8eb719432d400197a8b11;50819883;3;4.25;4;4;0
5b6c77f1fb005e001a118af2;50819883;1;5.25;22;24;2
5b4c62b636ebdc001a7110c1;50819883;3;4.50;1;2;1
5b40f0b23f91bc001acf5018;50819883;1;4.25;3;7;4
5b4303c55c57d5001af9e098;50819883;4;4.00;7;7;0
5aeb6e96817de5001aa7595f;50819883;4;6.00;-2;6;8
5d80979eaf4767001ce43aa3;50819883;3;4.50;0;0;0
5d6d17ab9c4620001c9eed1a;50819883;3;4.50;0;0;0
5d602be11ca598001c982cea;50819883;4;4.50;0;0;0
5d5d813631a6d7001c37c555;50819883;2;3.50;0;0;0
5d5d19dd31a6d7001c37a8bd;50819883;3;4.75;0;0;0
5d5a76bd30ad41001ceb00a7;50819883;4;3.75;0;0;0
5d4b0915791a25001c0b8a5b;50819883;3;4.50;0;0;0
5d3c5c6b89f9e5001c93ca6d;50819883;2;3.25;0;0;0
5d1a68d520ec37001cbeb5d7;50819883;3;4.25;0;0;0
5d1f84576cf972001c81af2b;50819883;1;3.50;0;0;0
5cffb0df9eda03001ce06c9b;50819883;3;null;0;0;0
5d11f4cff319ef001c7983cd;50369984;5;6;0;0;0
5b4ce5ef3dcc0e001ab26e8d;50369984;4;6.00;0;0;0
5d3b7e4189f9e5001c93aad7;50369984;5;6.00;0;0;0
5d0b680018d258001cae0956;50369984;3;6.00;0;0;0
5c7842c10e3437001c5e3078;50369984;5;5.25;0;0;0
5c421acc6ebd2f001c2c2cc0;50369984;4;5.75;0;0;0
5b50b8be9bf9bb001a51c2c8;50369984;4;5.00;0;0;0
5b4cd8d83dcc0e001ab268b1;50369984;5;5.75;0;0;0
5b4ca9983dcc0e001ab24d7b;50369984;5;5.75;0;0;0
5b28bce7cc3364001a31e1e1;50369984;4;5.25;0;0;0
5a7e8ea853d53f001a5b3fef;50369984;5;5.50;0;0;0
5a6aec12c18d85001a7d25cc;50369984;5;5.50;0;0;0
5cdd95c2ab32db001c8a8b41;50019334;4;5.25;0;0;0
5c6287229e7208001cfd19be;50019334;3;5.50;0;0;0
5d5dbb798cacc5001cbdb841;50450097;5;4.00;0;0;0
5c14c55b58e82c001bf2f34d;50450097;5;5.25;0;0;0
5d7fd034af4767001ce36b6a;50618832;5;6.00;0;0;0
5d08e9e2a514ad001cc9f3aa;50618832;4;4.00;4;4;0
5c99e926069277001c8bd608;50618832;5;4.50;0;0;0
5c233ecc55d301001c844084;50618832;5;4.75;2;2;0
5b3260e56f5508001adc3c43;50618832;5;5.25;2;2;0
5d3ec123e9a806001ce5beb6;50618832;4;5.25;0;0;0
5d3c153f89f9e5001c93b9ee;50618832;5;4.50;0;0;0
5d21ecad9098b9001cab105a;50618832;4;4.25;0;0;0
5d1cb4f48a3f6d001ca38873;50618832;4;4.25;0;0;0
5d1c44528a3f6d001ca2eff8;50618832;2;4.75;0;0;0
5d1ba845139930001c21218a;50618832;4;4.75;0;0;0
5d1b87e7139930001c21062d;50618832;4;4.50;0;0;0
5d1b73cc139930001c20eaef;50618832;4;4.50;0;0;0
5cd5b3d704ccf3001c546693;50618832;3;4.00;0;0;0
5c4ec5f6dd45db001c860535;50618832;2;4.25;0;0;0
5be05f28ca55cb001b3973e1;50618832;3;4.25;0;0;0
5b9238e221bc88001aab4a8c;50618832;5;4.25;0;0;0
5b3d42a3caf3a0001a929df1;50618832;4;4.75;0;0;0
5b3a42615affb0001a1560a2;50618832;4;4.50;0;0;0
5b3239ee6f5508001adbf19d;50618832;4;4.75;0;0;0
5a75a9707a303c001a786f70;50618832;4;4.50;0;0;0
5a6b5801c18d85001a7d5b82;50618832;4;5.00;0;0;0
5a68bf32c9e055001ac8cadf;50618832;4;4.25;0;0;0
5d67d618824f1e001c34bc5d;50719200;3;5.25;0;0;0
5d27136cf515bb001cb0e100;50719200;5;5.25;1;1;0
5d0ddd5dfbaaec001ce4d671;50719200;5;5.50;0;1;1
5d25a4b2cda012001ca5e393;50719200;5;6.00;0;0;0
5a6f7e804adcfd001aa26747;50719200;5;5.25;0;0;0
5d5e4bb18cacc5001cbdc40e;50719200;4;5;0;0;0
5d505c3c763927001c5482ea;50719200;3;5.75;0;0;0
5d4c5753c032ad001c1fe3f3;50719200;5;5.75;0;0;0
5d135f63994651001c03411f;50719200;2;5.50;0;0;0
5c52d06398a84a001c6541ed;50719200;5;6.00;0;0;0
5c52ba9c98a84a001c651af8;50719200;4;4.50;0;0;0
5bb9f81b9120b2001915b907;50719200;4;4.50;0;0;0
5b3ba4276d405b001abdd381;50719200;5;5.75;0;0;0
5a6485d93557a5001a140c54;50719200;4;4.50;0;0;0
5a60b7ece9399e001ac548e6;50719200;4;5.50;0;0;0
5d270619f515bb001cb0d0a0;50393659;2;5.50;0;1;1
5e203f6a5d67ca0022456d60;50393659;1;5.00;0;0;0
5d16265b642f27001c08f258;50393659;1;5.50;0;0;0
5c4f565cab563b001c4c9f86;50393659;2;4.25;0;0;0
5c596ede896c29001c112fe7;50845119;5;5.75;1;1;0
5d1a2a3020ec37001cbe7e56;50845119;5;5.00;0;0;0
5d021eda14b0c6001c9e795b;50845119;2;4.50;0;0;0
5c7931340e3437001c5e88f0;50845119;3;1.00;0;0;0
5c593498be474e001c2e07fd;50845119;4;5.50;0;0;0
5aab683951419c001a24baa1;50845119;2;5.00;0;0;0
5d5d368631a6d7001c37b157;50923133;4;4.50;1;1;0
5d2e12bd12ed77001cf3b5fa;50923133;3;5.75;1;1;0
5d08bf11a514ad001cc9a0ee;50923133;4;5.75;-2;1;3
5d262638414cb8001c72ba0b;50923133;3;5.00;2;2;0
5d09499dc4518e001c900fca;50923133;4;5.00;2;2;0
5d515b5e763927001c54a4a8;50886374;2;null;0;0;0
5d10eb80dde843001c2f33a5;50886374;2;4.75;0;0;0
5d08c293a514ad001cc9a7db;50886374;5;5.50;0;0;0
5cff463a9eda03001cdfedb3;50886374;5;BEST;0;0;0
5b1a30b025b675001aa58039;50886374;5;5.75;0;0;0
5b1f7ea15d1f92001a97b667;50886374;5;5.50;0;0;0
5d8c859fdbfbcd001c160163;50820467;3;5.00;-1;0;1
5d03a55c452355001c7f3435;50819750;5;5.75;0;0;0
5d03840f452355001c7ef700;50819750;5;5.75;0;0;0
5d037fdf452355001c7eed23;50819750;2;4.50;0;0;0
5d037831452355001c7eddd6;50819750;5;5.25;0;0;0
5a5ef6efbe6796001a9d80f6;50819750;2;4.50;0;0;0
5d08bb6fa514ad001cc9999e;50819750;5;5.50;0;0;0
5c42f1726ebd2f001c2c75a3;50819750;4;5.50;0;0;0
5b156939bd7fa6001ab1fbde;50819750;4;5.50;0;0;0
5c6a95cc0f0ace001c39569e;50771677;4;4.75;0;0;0
5c4c6a526110a5001c6216c9;50771677;4;4.00;0;0;0
5b3fe674a75691001a14b7ee;50771677;4;4.75;0;0;0
5b4337375c57d5001afa2e26;50680806;1;6.00;0;0;0
5d1500a900270c001cf1925f;50019442;4;5.00;1;2;1
5d14c7cf00270c001cf152a2;50019442;3;4.25;5;6;1
5c347a3b31c957001c24ff5b;50019442;3;6.00;1;3;2
5b3cc6abf07b02001a04e65d;50019442;3;5.50;1;3;2
5b474cdeaf6bcc001af26d72;50019442;2;5.75;0;0;0
5b3cc883f07b02001a04e9b1;50019442;2;5.75;0;0;0
5b337bba0aa5d6001abe3f30;50019442;4;5.50;0;0;0
5d14964300270c001cf10c01;50033938;4;5.00;0;0;0
5d15c785642f27001c08708c;50033938;2;4.50;0;0;0
5d14da2100270c001cf16cdc;50033938;2;4.75;1;1;0
5b223a7f7425e2001a237d78;50033938;4;4.75;-1;0;1
5d15b849642f27001c085ab3;50033938;5;5.75;0;0;0
5d0fbfdb4f5d1e001cbc8eeb;50033938;3;4.25;0;0;0
5c52c5b598a84a001c652bb8;50033938;3;4.00;0;0;0
5c50d9a3ccaaf5001c0b16a4;50033938;3;4.75;0;0;0
5b709636b8f62d001ac434b9;50033938;3;4.25;0;0;0
5b51191d9bf9bb001a51cfc8;50033938;2;4.50;0;0;0
5b479b1dee0c17001abb49f5;50033938;4;4.50;0;0;0
5a7ac88c8c0f1b001a2f6d2d;50033938;5;5.00;0;0;0
5a64dd686878c2001a8d68e8;50033938;5;5.50;0;0;0
5a62f214f92ac7001a6ede5d;50033938;5;4.75;0;0;0
5d67d3fc824f1e001c34bac8;50030857;2;5.25;0;0;0
5d5d93e331a6d7001c37c89f;50030857;5;5.75;0;0;0
5d3ed836e9a806001ce5ca95;50030857;2;3.50;0;2;2
5d3de2f8e9a806001ce59403;50030857;4;5.50;-2;0;2
5d3150afcf3df9001c2e0951;50030857;4;6.00;-4;2;6
5d2264a26b30c8001cd5d489;50030857;1;4.75;8;8;0
5d2156359098b9001caad8b5;50030857;2;5.75;3;3;0
5d1fb4696cf972001c81d332;50030857;4;5.00;0;1;1
5d1f26306cf972001c811c7f;50030857;2;4.75;4;4;0
5d1ef5e86cf972001c80b7fc;50030857;1;4.75;1;1;0
5c52d02098a84a001c654153;50030857;4;5.25;0;1;1
5c481b7dd5cd47001cbd9396;50030857;5;3.50;-2;1;3
5b3c6786f07b02001a0449b2;50030857;3;5.50;6;8;2
5b39e3d85affb0001a14a92f;50030857;5;5.75;-7;1;8
5b470768af6bcc001af22b3f;50030857;3;4.25;-2;1;3
5b4020e4a75691001a14c045;50030857;3;5.50;0;5;5
5b7f2dadffbde0001a9ea963;50030857;5;5.50;2;6;4
5b746858d386c8001aa66a96;50030857;4;5.00;10;11;1
5b5aff5463021a001a2fc8d4;50030857;2;4.50;1;2;1
5b39df285affb0001a149c4a;50030857;3;5.50;1;2;1
5a6e303be5f761001a0fece1;50030857;3;5.25;3;6;3
5a5e6b9bbe6796001a9d76bb;50030857;3;5.50;-5;1;6
5a5f17debe6796001a9d9075;50030857;5;5.25;-3;2;5
5d1bb808139930001c212d17;50822518;4;6.00;1;1;0
5d0f78684f5d1e001cbc6b8c;50822518;3;5;1;1;0
5d0bac4d18d258001cae6459;50822518;4;5.50;3;3;0
5d0a92ab18d258001cad8799;50822518;2;4.25;0;0;0
5d0a05d5c4518e001c9097ff;50822518;5;5.75;0;2;2
5d07cbdc01e578001ccb04c0;50822518;4;5.75;3;4;1
5d07fd5ca514ad001cc907d7;50822518;1;5.50;-3;3;6
5d07e81ba514ad001cc8f33f;50822518;3;5.50;2;4;2
5d07be2801e578001ccaee85;50822518;2;5.50;0;1;1
5d07bca401e578001ccaeb87;50822518;3;6.00;0;1;1
5d07abe201e578001ccac956;50822518;3;5.50;0;1;1
5be05fdfca55cb001b397422;50822518;2;5.25;27;28;1
5b29f88beeda99001a49c244;50822518;3;5.00;5;5;0
5b0ece74b77021001a204ed6;50822518;3;5.75;11;12;1
5db759441446f8001cf5a05b;50822518;5;5.75;0;0;0
5d680206d28ea1001c9faa94;50822518;4;BEST;0;0;0
5d24b9ef490ddc001c968da5;50822518;3;4.75;0;0;0
5d1d4b998a3f6d001ca3f084;50822518;3;5.25;0;0;0
5d1cc9e78a3f6d001ca3a29c;50822518;2;4.25;0;0;0
5d1b7081139930001c20e4ac;50822518;3;5.50;0;0;0
5d1b55ad139930001c20bf78;50822518;4;4.75;0;0;0
5d19f34620ec37001cbe30f9;50822518;3;5.75;0;0;0
5d15ee82642f27001c08aa26;50822518;1;5.25;0;0;0
5d15c846642f27001c0871a5;50822518;3;6.00;0;0;0
5d15af46642f27001c085211;50822518;3;5.00;0;0;0
5d094b25c4518e001c9010f2;50621407;4;5.75;1;1;0
5d14831f00270c001cf0e963;50621407;5;5.25;0;0;0
5b3bc0526d405b001abdfb9f;50621407;5;5.50;0;0;0
5d15eaf7642f27001c08a52a;50621407;5;5.50;0;0;0
5c2f840a4f6582001ceca2c7;50621407;5;5.25;0;0;0
5bb73e5066c2330019e429ca;50621407;5;5.75;0;0;0
5b3604c952a310001aac900a;50621407;3;5.25;0;0;0
5b227dddf83426001ad9c9b8;50621407;2;6.00;0;0;0
5a7d7c40356f84001ac45dd0;50621407;3;4.50;0;0;0
5db75b821446f8001cf5a0de;50314878;1;4.50;2;2;0
5d677123824f1e001c348c94;50314878;4;4.75;1;1;0
5cd3f0cfbec757001c666a59;50314878;1;5.50;4;4;0
5d25c435cda012001ca61df4;50314878;4;5.50;0;0;0
5d1c95dd8a3f6d001ca35f9d;50314878;1;3.50;1;1;0
5cee88ac3cc130001c49d5fb;50314878;1;4.75;46;47;1
5d1bbd8b139930001c213160;50314878;3;5.5;0;0;0
5d107f44dde843001c2e9bb9;50314878;1;4.5;-5;0;5
5d0cb47ca2f002001c66a1ee;50314878;1;4.75;0;0;0
5c24d9c1cbae27001c8009ca;50314878;3;4.75;2;2;0
5c17d1c5c86872001b1d48a4;50314878;2;4.75;3;4;1
5b9fb0024ef43f00199d0b72;50314878;2;5.50;2;3;1
5b68c982917bb5001ac8c737;50314878;4;5.00;6;6;0
5b3646f552a310001aad0d5d;50314878;2;5.25;-5;2;7
5a60c664e9399e001ac54d98;50314878;3;5.00;4;4;0
5d114ba7dde843001c2f91ad;50621404;4;6.00;0;0;0
5d0bb85818d258001cae6fe2;50621404;3;5.50;0;0;0
5d0a928e18d258001cad8786;50718238;4;5.25;2;2;0
5d11b6e6f319ef001c7932d6;50718238;5;5.25;0;0;0
5d0bb87618d258001cae700d;50718238;3;5.25;0;0;0
5d0a0153c4518e001c908d7c;50718238;4;5.00;0;0;0
5c0de4aafeeece001bfa12b6;50718238;5;4.75;0;0;0
5a6f82254adcfd001aa2688a;50044365;4;5.75;0;0;0
5a61b653e9399e001ac57b5e;50044365;5;5.75;0;0;0
5d53c647e8728a001c44a5aa;50044365;5;5.25;0;0;0
5c45d2557236dc001c4e5f3a;50044365;5;5.50;0;0;0
5b201134f4c683001a6a841a;50044365;5;5.75;0;0;0
5d07823101e578001cca7dbf;50873014;3;5.25;0;0;0
5d0770ef01e578001cca5a85;50873014;2;5.25;0;0;0
5d0ce824a2f002001c66eec9;50883493;4;5.50;0;0;0
5d0c8668a2f002001c666537;50883493;3;5.00;0;0;0
5d0bb25a18d258001cae6a55;50883493;5;6.00;0;0;0
5c518503ccaaf5001c0b69a7;50883493;3;5.00;0;0;0
5d16018f642f27001c08c33b;50575863;4;5.75;0;0;0
5c5212b998a84a001c64d4f2;50575863;4;1.00;3;3;0
5c28bedfe42cee001cd00dc3;50575863;2;3.25;2;2;0
5b17cbc7696b82001a9d1a45;50575863;4;5.25;0;0;0
5d14e1ba00270c001cf175fb;50575863;3;4.50;0;0;0
5d0fbff54f5d1e001cbc8eec;50575863;3;4.75;0;0;0
5d0a4ba5c4518e001c90ff9e;50575863;1;5.00;0;0;0
5cffe85e8aa9a0001ce2581a;50575863;3;5.00;0;0;0
5c411374f6bb49001c6eaecf;50575863;1;4.50;0;0;0
5b79cec245f3d3001aa16395;50575863;3;6.00;0;0;0
5b795ea945f3d3001aa15b1f;50575863;2;4.75;0;0;0
5b3a41ab5affb0001a155f78;50575863;3;5.25;0;0;0
5a6c7e585f15c6001a744cef;50575863;5;6.00;0;0;0
5b351ac7691408001a9f6182;50575863;3;5.75;0;0;0
5b17eca6696b82001a9d2a7f;50575863;5;5.00;0;0;0
5a8a74b7d93d4f001a3926ff;50575863;2;5.50;0;0;0
5cfa114c213363001ca9da56;50799370;4;5.25;0;0;0
5a9ee2049605dc001a805141;50799370;4;5.00;1;1;0
5d78da88d1fdfb001cc5ce0a;50799370;1;null;0;0;0
5cfae369dd2309001c12c857;50799370;5;6.00;0;0;0
5c25eb5d8a02d2001c5c3663;50799370;3;4.75;0;0;0
5d1b373c139930001c2093e4;50030886;4;5.25;0;3;3
5d136360994651001c034655;50030886;5;4.75;2;3;1
5d133ddb994651001c031236;50030886;4;6.00;3;4;1
5d0cfb72a2f002001c6707aa;50030886;4;4.75;1;2;1
5d0cc9d2a2f002001c66c168;50030886;4;5.50;0;2;2
5d089cd2a514ad001cc95f2a;50030886;5;4.50;2;4;2
5d080aa7a514ad001cc910f8;50030886;4;4.50;1;2;1
5d04c81897cd24001cfc50f0;50030886;4;5.00;1;4;3
5d04b24797cd24001cfc3df3;50030886;4;5.50;2;2;0
5d03dca597cd24001cfbe32c;50030886;3;4.00;0;1;1
5d03973c452355001c7f189a;50030886;5;4.25;1;3;2
5d0355d2452355001c7e9423;50030886;5;4.75;6;8;2
5d02159a14b0c6001c9e6d15;50030886;4;2.50;0;2;2
5c99eb03069277001c8bd7ac;50030886;3;5.00;-13;1;14
5c6a936e0f0ace001c395172;50030886;2;5.75;-5;4;9
5c51f9dcccaaf5001c0c3662;50030886;4;4.00;0;1;1
5c49b648aaf8a6001c778063;50030886;4;5.00;0;1;1
5c481b76d5cd47001cbd9393;50030886;3;4.25;-1;0;1
5c13882487cae7001bc26703;50030886;4;5.50;6;11;5
5ba8ee159432d400197a8e77;50030886;5;5.25;-8;3;11
5b24ecee1c20fc001aa0f7d3;50030886;5;5.75;-10;4;14
5b6811bd1388f9001aabb71a;50030886;5;5.75;22;23;1
5b4c63ca36ebdc001a7111a9;50030886;5;5.00;52;53;1
5b2b881d9d2efb001abb2b4d;50030886;5;4.75;1;2;1
5b22d41cf83426001ada496f;50030886;3;5.00;-1;2;3
5b229a4bf83426001ada0d6c;50030886;3;4.25;1;3;2
5a69528d1053f0001a84ef60;50030886;4;5.75;0;2;2
5d179b20996aef001ce04ef8;50394348;4;null;0;1;1
5da226791633a5001ca36741;50394348;2;3.25;0;0;0
5d2c370e67168f001cf545ad;50394348;2;5.00;0;0;0
5d2b332278e8cd001cf90f77;50394348;3;5.50;0;0;0
5c3dffe6d5b710001c16aa72;50394348;1;5.50;0;0;0
5c3cddeed5b710001c15582c;50394348;1;5.50;0;0;0
5b5574eeba22db001a56c95a;50394348;2;4.50;0;0;0
5b4decc2128949001a40640b;50394348;3;4.75;0;0;0
5a6fb4dc4adcfd001aa27227;50394348;4;4.75;0;0;0
5da2322d1633a5001ca368f7;50396283;4;4.50;0;0;0
5d29b6355e5ea9001c2f0ad9;50396283;3;4.75;0;0;0
5d2052047631e8001ccdd8ee;50873091;2;4.75;0;0;0
5d5e46258cacc5001cbdc2cd;50044385;2;4.50;0;0;0
5d07ceb801e578001ccb0819;50799730;5;5.50;4;4;0
5cd42c9522f345001cf62bd5;50799730;4;5.50;6;6;0
5afbe04ed2276e001ad4d862;50799730;1;4.75;1;1;0
5b1979c5881910001a325527;50799730;2;5.50;-1;0;1
5ab93c84a59fb6001a7e19d4;50799730;2;4.50;1;1;0
5afbe0f5d2276e001ad4d87d;50799730;2;5.25;0;0;0
5a63eea354f060001af5cfaa;50799730;2;6.00;0;0;0
5a61e62ff92ac7001a6eaa35;50799730;5;5.25;-1;1;2
5d0b70fb18d258001cae1517;50799730;2;4.25;0;0;0
5d07f297a514ad001cc8fde3;50799730;4;4.75;0;0;0
5d07366e01e578001cc9e361;50799730;3;4.00;0;0;0
5cfe3231b9e9b9001c5c2447;50799730;4;5.25;0;0;0
5cfa5a2fdd2309001c1283f6;50799730;4;5.25;0;0;0
5ce2aad09c3a91001cfade1c;50799730;5;5.00;0;0;0
5ce17c93e99a8f001c5df485;50799730;3;5.50;0;0;0
5cd554f322f345001cf6611b;50799730;5;5.75;0;0;0
5e108841c40b85001ecf1aee;50947437;4;5.50;0;0;0
5df4eea83bae04001e1b87ce;50947437;5;5.25;0;0;0
5b4c7b413dcc0e001ab22b39;50475317;4;6.00;9;10;1
5b51f699829dc9001a80f12d;50475317;3;4.75;0;1;1
5b4ce66f3dcc0e001ab26eb1;50475317;4;4.50;1;1;0
5d40513e434df8001c7946c6;50475317;5;5.25;0;0;0
5d287ca42a192d001c003cff;50475317;3;5.00;0;0;0
5d1bcb84139930001c213b00;50475317;5;5.75;0;0;0
5d1b55a7139930001c20bf73;50475317;4;4.75;0;0;0
5d04e19c97cd24001cfc64c9;50475317;4;4.50;0;0;0
5c3ee3396f5518001c654381;50475317;4;5.25;0;0;0
5c3cfb72d5b710001c15794f;50475317;3;5.00;0;0;0
5c3368207efdbd001c146b4e;50475317;5;5.50;0;0;0
5c30d5260c24cd001c1493af;50475317;5;5.75;0;0;0
5c233faf55d301001c84409f;50475317;4;4.75;0;0;0
5b9ff2dae3d3e000191a4476;50525076;4;5.50;2;2;0
5d2986cb041f0f001c83a092;50525076;5;6.00;0;0;0
5d28cbf6041f0f001c83700d;50525076;5;5.00;0;0;0
5c6d6a54a5d496001c083786;50525076;3;4.50;0;0;0
5c1514449b0509001b1d829b;50525076;5;4.75;0;0;0
5b93144b19c532001a434219;50525076;5;5.50;0;0;0
5a7d8e98356f84001ac46482;50525076;4;5.00;0;0;0
5a6db34ee5f761001a0fd8d9;50525076;4;5.25;0;0;0
5d27201ef515bb001cb0f3d0;50923129;3;5.50;0;0;0
5cf2d3b3f241db001c984cff;50837684;5;6.00;0;0;0
5b3ceebd117dfb001ab1c8b5;50837684;5;5.75;0;0;0
5d2c750367168f001cf5829e;50574529;2;5.00;2;2;0
5d1f6a4f6cf972001c818fb3;50574529;4;5.25;2;2;0
5b3775845fb074001affc386;50574529;4;5.50;3;4;1
5d494e099b1ac2001c0e4208;50574529;4;5.75;0;0;0
5c53549f98a84a001c65e707;50574529;5;5.00;0;0;0
5b706514b8f62d001ac43127;50574529;4;5.25;0;0;0
5b3cc7caf07b02001a04e8a4;50574529;4;5.50;0;0;0
5d5d37a331a6d7001c37b1a1;50575949;5;5.25;0;0;0
5d1107f0dde843001c2f5d66;50575949;3;5.50;0;0;0
5d2c1bc067168f001cf52e1a;50575949;4;5.75;2;2;0
5e203f8b5d67ca0022456d72;50575949;5;5.75;0;0;0
5ba165fc64ef510019420f06;50575949;5;5.75;0;0;0
5b7f2dd6ffbde0001a9ea96b;50575949;5;5.75;0;0;0
5b4c559236ebdc001a7105c7;50575949;5;5.75;0;0;0
5d0b079b18d258001cada2c2;50820337;5;5.25;2;3;1
5d20343b6cf972001c81efd5;50820337;5;5.25;0;1;1
5d1c5ff08a3f6d001ca30f84;50820337;4;5.00;1;1;0
5a6f81094adcfd001aa26827;50820337;2;6.00;-1;6;7
5d297c28041f0f001c839ba3;50820337;5;6.00;0;0;0
5d1bb2f3139930001c21296b;50820337;5;5.50;0;0;0
5d1a76d020ec37001cbebf80;50820337;3;4.75;0;0;0
5d1a0f2c20ec37001cbe5b89;50820337;5;5.25;0;0;0
5d19cc2620ec37001cbdf3f9;50820337;4;5.75;0;0;0
5d19c38b20ec37001cbde4c4;50820337;4;5.75;0;0;0
5d11d86df319ef001c795a52;50820337;5;5.75;0;0;0
5c07dbd9522062001bc23fdd;50820337;1;4.75;0;0;0
5bba29129120b2001915c82e;50820337;4;6.00;0;0;0
5ba17fb2e0d2c9001903b771;50820337;5;6.00;0;0;0
5b89a4c250a40a001a936bd8;50820337;4;4.75;0;0;0
5b4341185c57d5001afa3fc9;50820337;4;5.25;0;0;0
5d3b1f2ee12b65001cfd7c40;50822268;5;5.75;3;3;0
5d24c112490ddc001c96962e;50822268;5;5.75;0;0;0
5b7f211bffbde0001a9ea7d9;50822268;4;4.75;0;0;0
5d15bbe1642f27001c085e89;50821129;3;5.25;1;1;0
5c66ea84708d8f001cd8e3bb;50821129;1;5.50;3;4;1
5c7db21c89cd96001c4fe69a;50821129;3;5.75;6;7;1
5c6c732a4da451001c79a65f;50821129;2;4.75;1;4;3
5c6a95f40f0ace001c395708;50821129;4;5.00;0;1;1
5c17d353c86872001b1d49b3;50821129;4;5.50;2;3;1
5be9b723cbe2f6001b877e00;50821129;4;5.75;1;3;2
5b16a2e64849e5001a58f163;50821129;3;5.50;7;7;0
5b0705a717dedf001a980436;50821129;3;5.25;1;1;0
5a68c3f5c9e055001ac8cc89;50821129;4;5.50;3;3;0
5d80a1e0af4767001ce44ddd;50821129;5;5.25;0;0;0
5d1b704d139930001c20e429;50821129;3;5.25;0;0;0
5d0fc01a4f5d1e001cbc8f19;50821129;1;4.00;0;0;0
5d0b647418d258001cae04ce;50821129;4;5.50;0;0;0
5d04e18e97cd24001cfc64c1;50821129;2;4.75;0;0;0
5cf83c0618dfce001cc26822;50821129;5;4.75;0;0;0
5cf61e41888ee3001ce4a46e;50821129;3;5.50;0;0;0
5ceb745034340d001c008429;50821129;5;BEST;0;0;0
5cea6fd1e0df59001c722e00;50821129;2;5.00;0;0;0
5c7524a22bcb17001c545ba4;50833102;3;5.00;0;0;0
5afd8c90db8489001a4d5cd5;50393856;1;4.75;0;0;0
5cf630a3888ee3001ce4b384;50440808;3;4.75;0;0;0
5cec636d94db91001c54b671;50440808;3;4.00;0;0;0
5d0a4442c4518e001c90f6b4;50694612;5;6.00;0;0;0
5d062089123555001c1ab6ad;50694612;5;6.00;0;0;0
5cfe48d1b9e9b9001c5c3017;50694612;5;6.00;0;0;0
5cb5acaf202f41001c251ab2;50396191;5;5.75;0;0;0
5d548137cfa4cf001c053817;50396191;5;5.75;0;0;0
5d0114758aa9a0001ce31fd9;50396191;4;5.50;0;0;0
5cb58127202f41001c24f877;50396191;5;5.25;0;0;0
5afb513cb1fa91001a2356af;50396191;5;4.50;0;0;0
5d54812dcfa4cf001c053816;50525646;5;5.25;0;0;0
5d1dcb0d3d5e6e001cf8ed21;50525646;4;5.25;0;0;0
5d1ce36f8a3f6d001ca3bce1;50525646;2;4.25;0;0;0
5c93c175c67ca1001ceee717;50525646;1;4.50;0;0;0
5b89a4d950a40a001a936bdb;50525646;4;4.75;0;0;0
5b435bad5c57d5001afa63a3;50525646;2;4.75;0;0;0
5b4340d35c57d5001afa3f19;50525646;3;5.00;0;0;0
5a9419fd8b33e8001a11ad40;50525646;2;5.25;0;0;0
5c5810b1be474e001c2cfb8a;50353784;4;5.50;0;0;0
5b876ab3866860001a9de588;50353784;4;5.50;0;0;0
5c5f6a325c462e001c13ef44;50331913;5;5.25;0;0;0
5d125f9af319ef001c7a1fce;50331913;4;5.25;0;0;0
5c4de7c6ddd2d4001c1c51b4;50331913;4;5.00;0;0;0
5d518d511aab2c001cb0b638;50591836;4;5.50;0;0;0
5a5ef246be6796001a9d800f;50591836;4;5.25;0;0;0
5b86990ffff498001aeaa8c8;50674223;4;5.25;0;0;0
5d1a156620ec37001cbe63bb;50438418;3;5.50;0;0;0
5d15e703642f27001c089f86;50438418;5;5.50;0;0;0
5b477a80ee0c17001abb3576;50438418;5;5.25;0;0;0
5b7f2176ffbde0001a9ea7e3;50438418;4;5.00;0;0;0
5d5d382231a6d7001c37b1d6;50449164;4;4.75;0;0;0
5d1cccfe8a3f6d001ca3a5bd;50923126;4;5.50;0;0;0
5c6d885da5d496001c084f90;50431595;5;5.50;0;0;0
5c58098abe474e001c2ceda6;50431595;5;5.75;0;0;0
5a7a52b48c0f1b001a2f5fcf;50431595;4;4.25;1;1;0
5cd2efdfbec757001c6639fb;50431595;5;5.00;0;0;0
5cc586c32e9d01001cab4da2;50431595;4;5.50;0;0;0
5c584c44be474e001c2d6b1c;50431595;5;5.75;0;0;0
5c580ab4be474e001c2cef87;50431595;4;4.75;0;0;0
5a8d8ae1b5b5b8001ab7bbdb;50431595;5;5.50;0;0;0
5d07744901e578001cca61c6;50591869;4;3.25;2;2;0
5d8c8665dbfbcd001c16024a;50591869;5;5.50;0;0;0
5d07985301e578001ccaa6f3;50591869;5;6.00;0;0;0
5d0ba95c18d258001cae60c8;50591869;5;5.50;0;0;0
5d1454ec00270c001cf0ab5a;50820965;2;5.50;2;2;0
5d136189994651001c034444;50820965;1;5.50;2;2;0
5b462b25af6bcc001af1db08;50820965;2;4.75;8;8;0
5d30d745cf3df9001c2df9fd;50820965;1;5.50;0;0;0
5d13d449994651001c03bcba;50820965;1;5.50;0;0;0
5c4abc930f904e001c27cc85;50820965;5;5.75;0;0;0
5b5199d39bf9bb001a51d81f;50820965;4;5.75;0;0;0
5b1fcb8a5d1f92001a97f663;50820965;5;5.75;0;0;0
5b42074f3f91bc001acf8e0e;50873013;3;6.00;1;1;0
5b3673dc52a310001aad4d23;50873013;2;6.00;3;3;0
5d2d6a0f476bd1001c95849d;50873013;3;5.25;0;0;0
5d2cdf08476bd1001c956ce0;50873013;2;5.00;0;0;0
5d14ef2500270c001cf182cd;50873013;2;5.00;0;0;0
5d0a831bc4518e001c9134f6;50873013;4;5.25;0;0;0
5ce7c8703552af001c800654;50873013;3;5.50;0;0;0
5b9f530444a2e10019c9e75b;50873013;3;5.50;0;0;0
5b747109d386c8001aa66b46;50873013;5;5.00;0;0;0
5b4ce6b03dcc0e001ab26eeb;50873013;3;4.75;0;0;0
5b3a6d665affb0001a159560;50873013;4;5.50;0;0;0
5b39eba85affb0001a14ba66;50873013;4;5.75;0;0;0
5d330201b1a942001c561353;50945567;4;4.75;0;0;0
5d3b7e1c89f9e5001c93aac7;50945567;3;5.25;0;0;0
5d2cded0476bd1001c956ccd;50945567;3;5.50;0;0;0
5d7f85c226a482001c35601a;50820371;4;BEST;1;1;0
5d7f852526a482001c355ef4;50820371;1;BEST;1;1;0
5c6a94e80f0ace001c3954dc;50820371;5;BEST;0;0;0
5c4aed1c0f904e001c28089a;50820371;4;BEST;2;2;0
5b001e95991465001acb60a0;50820371;4;BEST;3;4;1
5b1968e2881910001a325086;50820371;3;BEST;1;1;0
5d2cdef8476bd1001c956cdd;50820371;2;BEST;0;0;0
5cdd24d7a11728001ca0831d;50820371;1;BEST;0;0;0
5d26cd2bf515bb001cb094ff;50820371;3;BEST;0;0;0
5d2611be414cb8001c72a934;50820371;4;BEST;0;0;0
5d134cac994651001c03280c;50820371;1;BEST;0;0;0
5c560cf72f790f001c4ee00e;50820371;1;BEST;0;0;0
5c52c78498a84a001c652ec1;50820371;4;BEST;0;0;0
5c3b87e3595ade001cf1c81e;50820371;5;BEST;0;0;0
5c25fa4d8a02d2001c5c3e7b;50820371;4;BEST;0;0;0
5c127a7287cae7001bc23051;50820371;3;BEST;0;0;0
5be15ac1ca55cb001b39aa28;50820371;4;BEST;0;0;0
5b9f52f744a2e10019c9e746;50820371;3;BEST;0;0;0
5b7bcf4261c018001a6d97b9;50820371;1;BEST;0;0;0
5b5a43ee63021a001a2fb771;50820371;3;BEST;0;0;0
5b4ce6bc3dcc0e001ab26eee;50820371;4;BEST;0;0;0
5d2224136b30c8001cd5b0a6;50354250;2;4.00;2;2;0
5d1b4a17139930001c20af88;50354250;5;4.25;0;1;1
5be4376614aab6001b10b95b;50354250;1;4.25;0;0;0
5a670c4d917cb6001a9ca481;50354250;2;4.50;1;1;0
5e04ed014ff91d001ecaa8b5;50354250;4;5.00;0;0;0
5c4aafb20f904e001c27c2ea;50354250;4;4.50;0;0;0
5b59b47816a330001aab5778;50354250;2;5.00;0;0;0
5b2fe770bea46b001a75072a;50354250;5;5.50;0;0;0
5b2c9ec7629cb1001a76b7b0;50354250;4;5.75;0;0;0
5abad03159968b001aa37316;50354250;3;5.75;0;0;0
5a6d8294e5f761001a0fd1e9;50354250;3;5.25;0;0;0
5a68bf1fc9e055001ac8cadb;50354250;4;5.50;0;0;0
5a65facc6e7c4f001abb8582;50354250;3;5.00;0;0;0
5a62f1f6f92ac7001a6ede50;50354250;5;5.25;0;0;0
5d80d274af4767001ce4b48b;50030887;3;4.75;1;1;0
5d138c70994651001c0380b5;50030887;3;5.75;3;4;1
5d0e381ffbaaec001ce50ee8;50030887;5;null;-1;0;1
5d0cf931a2f002001c670541;50030887;2;4.25;1;1;0
5d080e43a514ad001cc9128e;50030887;4;4.50;1;1;0
5d05db02123555001c1a8bfc;50030887;4;4.5;2;3;1
5d04b0fe97cd24001cfc3c94;50030887;5;6.00;8;8;0
5d02cc32452355001c7e47be;50030887;3;4.50;2;2;0
5d036db4452355001c7ec89d;50030887;1;5.00;0;2;2
5d03623d452355001c7eb088;50030887;4;4.25;9;10;1
5d034511452355001c7e70e0;50030887;3;5.00;-1;3;4
5d029187452355001c7e247d;50030887;1;4.25;-2;2;4
5d02716a14b0c6001c9f0029;50030887;4;6.00;0;8;8
5d024bbd14b0c6001c9ec4a7;50030887;5;4.25;-11;2;13
5d0236c914b0c6001c9ea714;50030887;3;4.75;13;13;0
5d023f0e14b0c6001c9eb46b;50030887;3;4.25;1;1;0
5d022f5e14b0c6001c9e9b05;50030887;3;5.50;2;2;0
5d02289b14b0c6001c9e8c59;50030887;3;5.25;2;3;1
5d02284914b0c6001c9e8b83;50030887;1;4.00;-3;4;7
5c51fa97ccaaf5001c0c36f0;50030887;2;4.25;10;11;1
5c6c056c4da451001c793f2d;50030887;5;4.00;7;15;8
5c6c05874da451001c793f43;50030887;2;1.25;95;124;29
5c6a93a30f0ace001c3951ee;50030887;3;5.00;1;2;1
5c4f3bc2dd45db001c86b866;50030887;1;4.25;1;2;1
5c4ca135ddd2d4001c1be20a;50030887;2;4.00;1;2;1
5c497dd6aaf8a6001c7723eb;50030887;5;4.25;-6;0;6
5b7f2c7fffbde0001a9ea922;50030887;3;5.75;1;4;3
5c35fc0c0d6b09001caa5040;50030887;2;4.25;39;43;4
5a62030af92ac7001a6eb67b;50030887;5;3.75;-12;0;12
5bc850ecdd855d0019e1a6a2;50030887;2;3.75;3;3;0
5b24ee841c20fc001aa0f8f3;50030887;4;5.25;25;28;3
5b68103a1388f9001aabb6e6;50030887;1;4.25;11;15;4
5b4c646b36ebdc001a711220;50030887;1;4.25;2;2;0
5b488574ee0c17001abba7c6;50030887;1;4.00;11;11;0
5b2b63909d2efb001abae292;50030887;2;4.75;1;3;2
5b1eb5885d1f92001a97822f;50030887;4;5.00;5;6;1
5cfbb5a6b8fd9b001c2d062d;50923127;5;5.50;1;1;0
5d7f844626a482001c355d29;50923127;2;3.00;0;0;0
5d330446b1a942001c56141e;50821858;1;5.25;1;1;0
5cff687e9eda03001ce012e8;50821858;1;5.75;9;9;0
5d191673b62371001c961bbd;50821858;1;5.25;2;2;0
5c41fdd86ebd2f001c2c1144;50821858;5;5.75;0;1;1
5b1f9e965d1f92001a97d0db;50821858;5;5.75;-1;1;2
5b25fca8fa9409001a491c14;50821858;2;5.75;1;2;1
5a7adcdd8c0f1b001a2f75dd;50821858;1;5.00;2;3;1
5d7f875726a482001c3563f7;50821858;1;5.25;0;0;0
5d1a15a020ec37001cbe6405;50821858;2;5.50;0;0;0
5d15d2fc642f27001c088257;50821858;2;5.00;0;0;0
5b7f2140ffbde0001a9ea7df;50821858;5;5.25;0;0;0
5b747131d386c8001aa66b53;50821858;3;4.50;0;0;0
5d2c5f0c67168f001cf56f58;50923124;4;5.50;0;0;0
5d133fee994651001c031601;50823784;4;5.25;0;0;0
5d173e22996aef001ce02058;50525901;4;5.00;4;4;0
5cc37cd8b953b5001cc6aa5f;50525901;5;4.75;0;0;0
5c472354eacac4001cb0d929;50525901;4;4.75;0;0;0
5b4f3e021b9f7e001a2f98f6;50525901;2;5.00;0;0;0
5b34a6a6691408001a9e997b;50525901;3;5.75;0;0;0
5b1568fbbd7fa6001ab1fbcb;50525901;3;5.50;0;0;0
5d13620a994651001c0344c0;50577297;5;BEST;0;0;0
5c5cb2455112ef001c6bb629;50577297;5;BEST;-2;1;3
5b326f436f5508001adc5482;50577297;5;BEST;0;2;2
5d4720d7fad9ab001cbfb586;50577297;5;BEST;0;0;0
5b74717fd386c8001aa66b69;50577297;5;BEST;0;0;0
5b17e916696b82001a9d28c3;50577297;5;BEST;0;0;0
5b142167bd7fa6001ab1a932;50577297;4;BEST;0;0;0
5a6af015c18d85001a7d27ac;50577297;4;BEST;0;0;0
5d136234994651001c0344dc;50537185;4;5.00;0;0;0
5d0130b914b0c6001c9e0340;50537185;5;5.25;1;2;1
5d04316697cd24001cfc1267;50537185;5;5.00;1;1;0
5d022d2d14b0c6001c9e96bf;50537185;4;5.25;1;1;0
5b3c6846f07b02001a044a46;50537185;5;5.25;4;4;0
5b8fef869d9f5f001a3d89f4;50537185;5;5.00;3;3;0
5b44c5aeeff072001a63a6e0;50537185;3;5.50;0;0;0
5a60f362e9399e001ac55cb9;50537185;5;6.00;0;1;1
5d1b3070139930001c2089fd;50537185;5;5.00;0;0;0
5d1943e5b62371001c962ae2;50537185;4;6.00;0;0;0
5d0d24e6a2f002001c672aa9;50537185;5;5.00;0;0;0
5d0a761cc4518e001c912aea;50537185;4;5.50;0;0;0
5d03c836452355001c7f69fc;50537185;4;4.25;0;0;0
5c77cdf3fb5f59001c6210af;50537185;5;4.50;0;0;0
5c52a20498a84a001c64fd7c;50537185;3;5.25;0;0;0
5c4abdd00f904e001c27cd78;50537185;5;5.50;0;0;0
5b747127d386c8001aa66b4c;50537185;5;4.75;0;0;0
5b229092f83426001ad9fabb;50537185;5;5.75;0;0;0
5b51b7229bf9bb001a51df79;50537185;2;4.75;0;0;0
5a6743fc917cb6001a9cc186;50537185;5;5.25;0;0;0
5a670b9a917cb6001a9ca413;50537185;5;5.75;0;0;0
5d2c54e167168f001cf564a3;50019572;5;5.25;1;1;0
5d2731b3f515bb001cb10c10;50019572;4;5.00;4;5;1
5b16c93a696b82001a9cde70;50019572;5;5.75;3;3;0
5b4ca3583dcc0e001ab248d2;50019572;4;5.25;2;2;0
5a8e846131280b001a9fd543;50019572;5;5.25;2;2;0
5d5258d41aab2c001cb0cb6f;50019572;5;5.75;0;0;0
5d467126d98ddf001ccca7c9;50019572;4;4.00;0;0;0
5d405163434df8001c7946e0;50019572;5;5.25;0;0;0
5d2b95f667168f001cf51949;50019572;4;5.50;0;0;0
5d27429cf515bb001cb11e81;50019572;5;5.50;0;0;0
5d2755c4f515bb001cb132fc;50019572;4;5.00;0;0;0
5d2727aff515bb001cb0fe99;50019572;5;5.50;0;0;0
5d271caff515bb001cb0ecbe;50019572;5;5.50;0;0;0
5c6ff5e3ae5e8a001cbb0b64;50019572;5;5.50;0;0;0
5c6ab40e22bbc9001c035ef6;50019572;5;5.25;0;0;0
5c529d5898a84a001c64fa2c;50019572;5;5.00;0;0;0
5c478a26d5cd47001cbd68e9;50019572;3;4.75;0;0;0
5b9d2b4aef31ab0019522567;50019572;4;5.75;0;0;0
5b871107fff498001aeac79a;50019572;3;4.50;0;0;0
5b59baa616a330001aab587f;50019572;4;5.00;0;0;0
5b544e415a7ff3001a4642de;50019572;4;4.75;0;0;0
5d80a11daf4767001ce44bb2;50320949;5;5.25;0;0;0
5a65a708564c1f001a58bfca;50320949;2;5.00;0;0;0
5d0a29b1c4518e001c90d24f;50938781;5;5.50;4;4;0
5d80a16baf4767001ce44c6f;50938781;5;5.00;0;0;0
5d1d421d8a3f6d001ca3f006;50938781;5;5.00;0;0;0
5cff9d7e9eda03001ce05411;50938781;3;5.00;0;0;0
5d814cb43ef045001ca8b995;50819815;5;5.75;1;1;0
5d15fe25642f27001c08befc;50819815;4;5.50;1;1;0
5d1768ad996aef001ce036a7;50819815;4;5.50;0;0;0
5d15d6ad642f27001c0887e5;50819815;4;5.75;0;0;0
5d150c5d00270c001cf199d9;50819815;4;5.00;0;0;0
5c581139be474e001c2cfcec;50819815;4;4.25;0;0;0
5c52dd5598a84a001c6559c8;50819815;4;5.25;0;0;0
5c4b1f240f904e001c2849dc;50819815;2;4.25;0;0;0
5c49ca25aaf8a6001c779d5d;50819815;5;5.25;0;0;0
5c41e8926ebd2f001c2bf519;50819815;5;5.50;0;0;0
5b48e35521476c001a3b419c;50819815;5;5.00;0;0;0
5b48888cee0c17001abbaa0f;50819815;3;5.50;0;0;0
5a61eee7f92ac7001a6eae72;50819815;4;5.00;0;0;0
5b6024f3ad5cd4001a6cc3b4;50819815;4;4.50;0;0;0
5cf677dd888ee3001ce4ed63;50313886;4;5.75;0;0;0
5b02f7c83da3ff001ad38233;50313886;1;5.25;0;2;2
5b0e6b74b77021001a20339b;50313886;4;5.75;1;1;0
5afd99c6db8489001a4d5e06;50313886;4;5.00;0;0;0
5d13e021994651001c03c4ae;50313886;5;5.50;0;0;0
5d12273ef319ef001c79db75;50313886;5;5.00;0;0;0
5d04e15497cd24001cfc6495;50313886;4;5.25;0;0;0
5ce5474b170b12001cbd437d;50313886;5;5.00;0;0;0
5cd5afc204ccf3001c54660a;50313886;5;5.25;0;0;0
5c4ecdf2dd45db001c86160b;50313886;5;5.75;0;0;0
5c481bb9d5cd47001cbd9411;50313886;4;4.75;0;0;0
5ae2bfe5b799bf001a7f3d0b;50313886;4;5.00;0;0;0
5afb4b76b1fa91001a235651;50313886;5;5.50;0;0;0
5a85f2120a3e9c001a9daab3;50313886;5;5.50;0;0;0
5a7ea17253d53f001a5b414b;50313886;5;5.00;0;0;0
5a65a732564c1f001a58bfd9;50313886;5;5.50;0;0;0
5a63efc254f060001af5cfcd;50313886;5;5.50;0;0;0
5b295b48eeda99001a498860;50393589;4;6.00;0;0;0
5b291f36eeda99001a49453a;50393589;4;5.00;0;0;0
5d629a64f1361c001c6fd761;50393589;5;5.25;0;0;0
5d2233fc6b30c8001cd5b9ee;50393589;4;5.00;0;0;0
5d1dafc73d5e6e001cf8ba77;50393589;4;5.5;0;0;0
5c42d3646ebd2f001c2c637a;50393589;4;5.25;0;0;0
5d0c9599a2f002001c66789c;50682676;2;4.50;0;0;0
5d28b5e2041f0f001c8361f5;50821734;5;5.00;0;0;0
5c6a94c90f0ace001c3954a2;50821734;2;4.75;4;4;0
5b3fd42aa75691001a14af9e;50821734;2;5.75;3;3;0
5a822b54fbb086001a992dd1;50821734;4;4.75;1;1;0
5d0b9fa318d258001cae5635;50821734;4;5.00;0;0;0
5d0a82e2c4518e001c9134b6;50821734;3;5.50;0;0;0
5c4abe440f904e001c27cdd9;50821734;2;4.75;0;0;0
5b14299fbd7fa6001ab1aa88;50821734;1;4.75;0;0;0
5b747174d386c8001aa66b68;50821734;5;4.00;0;0;0
5b16c96a696b82001a9cde8d;50821734;2;5.50;0;0;0
5b4ce65a3dcc0e001ab26ea5;50821734;4;5.00;0;0;0
5b43300c5c57d5001afa2248;50821734;4;5.75;0;0;0
5b4310845c57d5001af9f3d8;50821734;4;5.75;0;0;0
5d2c444767168f001cf5538d;50619453;5;5.25;0;0;0
5d66ba4f824f1e001c346f42;50619453;3;5.25;0;0;0
5a6d827de5f761001a0fd1e7;50619453;4;5.00;0;0;0
5a6d8266e5f761001a0fd1e4;50619453;3;5.00;0;0;0
